date,equity,cash_realized,open_positions,gross_exposure,exposure_pct
2024-05-21,994683.7735319138,1000000.0,2,99749.36881780624,0.1002824932627755
2024-05-22,996062.8817491531,1000000.0,2,99749.36881780624,0.10014364619494671
2024-05-23,992638.0327495107,996431.63,4,198680.88017800244,0.20015441039235193
2024-05-24,1006432.8088591787,996431.63,7,349161.3379436091,0.3469296060999778
2024-05-28,1007985.6571994781,1010795.85,1,50524.14912986756,0.05012387703039404
2024-05-29,1008504.0009094238,1010795.85,2,100918.75840568542,0.1000677818974257
2024-05-30,1008320.7615224603,1008396.24,4,201609.51266867132,0.19994581125579697
2024-05-31,1008406.8000227502,1009013.22,4,201610.70126539678,0.19992993032261222
2024-06-03,1003821.1053641558,1009620.34,5,251324.89049483763,0.25036820719530956
2024-06-04,1000232.5418163994,1007643.0399999999,8,401054.97331749636,0.40096173294781
2024-06-05,1020701.7788840091,1005005.58,13,657201.4731702816,0.643872173798734
2024-06-06,1025225.5555536661,1017172.14,11,559421.393233203,0.5456568949172276
2024-06-07,1014355.127170338,1018059.7899999999,3,153029.2935686356,0.15086362701742206
2024-06-10,1016374.635617222,1014122.2399999999,1,50683.49281051218,0.04986693984126552
2024-06-11,1016470.9093719481,1016241.0999999999,1,50722.84167480469,0.04990092801194385
2024-06-12,1018410.886376953,1016241.0999999999,2,101548.72421264648,0.09971292095463657
2024-06-13,1016315.6759805296,1017448.4599999998,2,101679.8825378418,0.1000475393039099
2024-06-14,1014651.4021978758,1017395.5399999998,2,101501.84934997559,0.10003617905628326
2024-06-17,1009501.8401818846,1015080.0599999998,4,202314.52894592285,0.20041026265932443
2024-06-18,1009703.1424401854,1012918.1099999999,7,353558.3978881836,0.3501607383668496
2024-06-20,1007948.6294157027,1008450.6999999998,9,453782.6166820526,0.4502041110419543
2024-06-21,1014206.4640409468,1008450.6999999998,13,656270.66106987,0.6470779711411643
2024-06-24,1010206.3315092466,1013350.8899999998,7,354013.4635810852,0.3504367895340645
2024-06-25,1019510.3358071134,1012477.0299999998,10,506584.1774940491,0.4968896927297973
2024-06-26,1019244.5705942533,1011035.9399999997,9,456786.58026123047,0.4481618969968207
2024-06-27,1016777.5170690106,1018860.2499999998,6,305168.89127335063,0.3001333980643459
2024-06-28,1013723.9356702309,1016528.6599999998,6,304688.41192513634,0.30056349781628605
2024-07-01,1024879.7538807611,1015654.2399999998,6,305492.0620736759,0.2980760044453158
2024-07-02,1031262.9039725845,1017072.6799999998,6,307234.0559642057,0.29792020519761986
2024-07-03,1030694.9812142914,1028082.4799999999,3,154614.20723793315,0.15000966343677904
2024-07-05,1040242.4993614958,1031035.9799999999,3,155185.00128746033,0.1491815623594627
2024-07-08,1040087.7098793791,1031035.9799999999,4,207198.1998348236,0.19921223745529382
2024-07-09,1038967.0240755121,1039782.0399999998,3,155718.29130939068,0.1498779919872347
2024-07-10,1034959.9887645761,1039108.8399999999,5,259113.24338153424,0.25036063828016747
2024-07-11,1034515.982792144,1034930.1599999998,6,310178.1006773993,0.29982920113059347
2024-07-12,1038275.5813489677,1032551.2299999999,6,309991.71279898135,0.2985640020506195
2024-07-15,1046142.3678198241,1040580.2899999999,3,155221.76274108887,0.14837537176185042
2024-07-16,1045772.7307740783,1046845.4099999999,2,104535.88831710815,0.09996042662130897
2024-07-17,1039804.0827790832,1046845.4099999999,2,104535.88831710815,0.10053421605896681
2024-07-18,1036113.49490093,1040177.6299999999,4,207459.92988361587,0.20022896227546247
2024-07-19,1030778.3743908287,1040177.6299999999,5,259059.6591450142,0.2513243055745264
2024-07-22,1030185.6105677031,1034634.3899999999,2,103209.33131217957,0.10018518046986127
2024-07-23,1035471.0927513884,1031794.6299999999,2,103195.14087867737,0.09966008863122751
2024-07-24,1030708.7707814025,1030674.6299999999,1,51585.53882789612,0.05004860760890587
2024-07-25,1027873.8058576663,1030060.1099999999,4,205638.26953349265,0.20006178614689613
2024-07-26,1034554.6419086535,1030060.1099999999,6,309584.4388726726,0.29924416394432213
2024-07-29,1033948.8889632606,1045047.5399999999,2,103946.16933917999,0.10053317958821611
2024-07-30,1029674.1377641297,1034251.16,2,103151.98950004578,0.10017925644324097
2024-07-31,1030936.4014245606,1034251.16,4,206244.28639411926,0.20005529546645978
2024-08-01,1029852.0817198384,1032260.81,4,206190.9140082348,0.20021410614998117
2024-08-02,1022866.3884905446,1030534.7100000001,4,205872.61711416132,0.2012702924161677
2024-08-05,1060653.392961924,1024200.54,16,832641.9028621651,0.7850273316309052
2024-08-06,1051428.5419706265,1003697.6400000001,30,1566265.9376757129,1.4896551455034301
2024-08-07,1048944.1006282577,1073059.4000000001,21,1099607.0052604908,1.0482989556849491
2024-08-08,1062431.9521862033,1064084.3500000003,8,422256.7151269913,0.3974435390973501
2024-08-09,1063098.4788233696,1061194.57,3,159047.74468004855,0.14960772482346277
2024-08-12,1062809.2200000002,1062809.2200000002,0,0.0,0.0
2024-08-13,1062809.2200000002,1062809.2200000002,0,0.0,0.0
2024-08-14,1062809.2200000002,1062809.2200000002,0,0.0,0.0
2024-08-15,1062809.2200000002,1062809.2200000002,0,0.0,0.0
2024-08-16,1062809.2200000002,1062809.2200000002,0,0.0,0.0
2024-08-19,1062809.2200000002,1062809.2200000002,0,0.0,0.0
2024-08-20,1062809.2200000002,1062809.2200000002,0,0.0,0.0
2024-08-21,1062809.2200000002,1062809.2200000002,0,0.0,0.0
2024-08-22,1062809.2200000002,1062809.2200000002,0,0.0,0.0
2024-08-23,1062809.2200000002,1062809.2200000002,0,0.0,0.0
2024-08-26,1062809.2200000002,1062809.2200000002,0,0.0,0.0
2024-08-27,1063745.711950989,1062809.2200000002,2,106118.47723770142,0.09975925265359915
2024-08-28,1062766.9356181337,1062809.2200000002,2,106118.47723770142,0.09985112792013995
2024-08-29,1063466.6570911407,1063503.5,2,106283.86023139954,0.09994094269218903
2024-08-30,1057587.0871605873,1063503.5,4,212220.70690488815,0.20066499438326058
2024-09-03,1046200.0818590166,1054571.4000000001,2,105125.49850845337,0.10048316792487103
2024-09-04,1059821.6214521956,1054571.4000000001,5,263957.120012801,0.24905806285695511
2024-09-05,1049201.7013915419,1056996.3800000001,5,263886.3978829792,0.25151159927875666
2024-09-06,1046314.9934062196,1052111.4200000002,3,157494.67496490479,0.15052319421724975
2024-09-09,1047219.4664642499,1052879.9000000001,6,314573.6018840626,0.3003893758260285
2024-09-10,1038943.3930985425,1050459.8800000001,6,313977.7820636586,0.30220874799275826
2024-09-11,1038742.6829052737,1036660.5800000003,2,103696.79745483398,0.09982914841315943
2024-09-12,1040073.2352614972,1037809.7500000003,2,103850.52737468778,0.09984924508568618
2024-09-13,1043551.4880167006,1041167.7900000004,1,51997.80868572294,0.04982773661177587
2024-09-16,1044105.8300000004,1044105.8300000004,0,0.0,0.0
2024-09-17,1044105.8300000004,1044105.8300000004,0,0.0,0.0
2024-09-18,1044105.8300000004,1044105.8300000004,0,0.0,0.0
2024-09-19,1044105.8300000004,1044105.8300000004,0,0.0,0.0
2024-09-20,1043718.6303692631,1044105.8300000004,1,52175.19870758057,0.04998971675835776
2024-09-23,1043065.229261475,1044105.8300000004,1,52175.19870758057,0.05002103151738875
2024-09-24,1043869.5767285946,1043125.7300000004,2,104317.43957015773,0.09993340345934824
2024-09-25,1042341.126724017,1043125.7300000004,2,104317.43957015773,0.10007994206082794
2024-09-26,1041150.1903818608,1043199.9300000005,3,156268.90760977787,0.15009256978809504
2024-09-27,1043080.0965368996,1043199.9300000005,7,364683.17733326385,0.3496214514532854
2024-09-30,1044199.5302643075,1041524.5000000006,5,260589.25090176967,0.24955886624064022
2024-10-01,1040131.0564747626,1043531.0800000007,2,104187.78293609619,0.10016793776854616
2024-10-02,1038949.3649131618,1040751.1600000006,6,311832.9883346339,0.3001426237559688
2024-10-03,1041035.6109787566,1038700.6000000006,6,311899.8157901191,0.29960532809908247
2024-10-04,1053377.599265736,1045913.7700000005,5,261884.7800425073,0.24861434325645035
2024-10-07,1051412.823248092,1046022.0800000005,4,209805.1508292096,0.19954593114155297
2024-10-08,1058314.7898618376,1052488.2400000005,3,158102.01736028114,0.14939035046549928
2024-10-09,1049834.949870268,1052488.2400000005,4,210742.11930043617,0.20073833446531603
2024-10-10,1049872.65018116,1052102.9700000007,2,105126.5456241233,0.10013266428645728
2024-10-11,1049678.937655144,1048898.7900000007,1,52486.44368396827,0.050002378633238705
2024-10-14,1052262.0604003915,1049483.9000000008,2,104891.11779785156,0.09968155438193782
2024-10-15,1051251.8248046883,1049483.9000000008,2,104891.11779785156,0.0997773467050478
2024-10-16,1053265.9680445872,1053137.820000001,1,52644.02234649658,0.04998169877664559
2024-10-17,1050369.7753070078,1053137.820000001,1,52644.02234649658,0.050119513702790525
2024-10-18,1052764.137264629,1054752.510000001,1,52653.9045804649,0.05001491095362941
2024-10-21,1054231.6912044482,1054752.510000001,2,105194.70414101178,0.09978328769535279
2024-10-22,1055828.3516745004,1051992.6900000009,2,105139.38711547852,0.09957999986336015
2024-10-23,1055998.6870080035,1052746.290000001,2,105373.33628362358,0.09978548039882643
2024-10-24,1057275.618771309,1055891.1800000009,1,52774.748728691935,0.049915790917436476
2024-10-25,1058370.9475107936,1057623.6200000008,1,52854.790317576306,0.04993975925159952
2024-10-28,1054706.9615755824,1057623.6200000008,3,158517.00205997744,0.1502948286443237
2024-10-29,1053826.879216157,1059417.210000001,2,105662.21174240112,0.10026524643307005
2024-10-30,1052019.7871579465,1053210.6800000009,3,157615.5418214798,0.1498218415142946
2024-10-31,1049171.4438797769,1053210.6800000009,4,210032.96994495392,0.20018936959269862
2024-11-01,1044538.4018816506,1050132.6300000008,6,314088.90243213385,0.30069636680310496
2024-11-04,1042154.5568765933,1050820.200000001,7,365877.2492358878,0.35107772337765936
2024-11-05,1058837.2785641907,1052116.770000001,11,579690.2310712776,0.5474781090606782
2024-11-06,1082715.3974513798,1059021.6800000009,9,475484.45614404965,0.4391592262041343
2024-11-07,1087287.37046692,1091856.9700000011,1,54590.400466918945,0.05020788611154002
2024-11-08,1082472.969221803,1091856.9700000011,1,54590.400466918945,0.050431190449184475
2024-11-11,1082636.170000001,1082636.170000001,0,0.0,0.0
2024-11-12,1082636.170000001,1082636.170000001,0,0.0,0.0
2024-11-13,1081685.713586732,1082636.170000001,1,54084.23812866211,0.049999956040212144
2024-11-14,1080776.1303118907,1082636.170000001,1,54084.23812866211,0.05004203609960785
2024-11-15,1075854.53639145,1080070.9500000011,3,161686.78741455078,0.1502868482172956
2024-11-18,1080002.6728251993,1080070.9500000011,13,700665.7402461481,0.6487629687186452
2024-11-19,1095052.2530873073,1074176.3700000013,16,866117.2524379205,0.7909369164768669
2024-11-20,1091344.226664099,1082551.770000001,7,381564.31950472534,0.34962783527159824
2024-11-21,1095103.503369421,1092849.3300000008,2,109085.21921251951,0.09961178909288981
2024-11-22,1099307.9739183052,1093504.6100000008,2,109434.70714569092,0.09954872496342279
2024-11-25,1100372.8245777902,1096093.730000001,1,54775.507831573486,0.04977904452755882
2024-11-26,1099425.4200000009,1099425.4200000009,0,0.0,0.0
2024-11-27,1099425.4200000009,1099425.4200000009,0,0.0,0.0
2024-11-29,1099425.4200000009,1099425.4200000009,0,0.0,0.0
2024-12-02,1097091.116840287,1099425.4200000009,1,54969.00143623352,0.050104317310077924
2024-12-03,1095208.616840287,1099425.4200000009,1,54969.00143623352,0.05019043914648964
2024-12-04,1093944.617479249,1095283.9200000009,1,54704.800720214844,0.05000691977101166
2024-12-05,1097942.2796344003,1095283.9200000009,2,109547.860496521,0.09977560981894142
2024-12-06,1098929.3222369393,1096876.9200000009,1,54843.05977630615,0.049905902651382235
2024-12-09,1093439.015727228,1099310.480000001,3,164418.51373413764,0.15036825224750705
2024-12-10,1090942.263771048,1099310.480000001,5,273606.7935070901,0.2507986009830772
2024-12-11,1093140.6556340042,1095274.710000001,9,491414.4057186884,0.44954361836782647
2024-12-12,1084515.8581067894,1092714.6100000008,11,599471.3365632782,0.5527547910730963
2024-12-13,1089406.0897155004,1088986.0200000005,7,380344.6776814461,0.349130302530963
2024-12-16,1117540.6029981999,1083456.4400000004,6,329807.21770477295,0.2951187785212885
2024-12-17,1104770.488984223,1098492.6200000006,3,166707.75064086914,0.15089808453713127
2024-12-18,1106150.4087792975,1107370.4100000006,1,55296.002197265625,0.04998958709267037
2024-12-19,1107666.1545030219,1107370.4100000006,7,387153.9950904846,0.34952227574759615
2024-12-20,1125791.3256494147,1105466.4100000006,11,611776.4859523773,0.5434190795523078
2024-12-23,1123742.5595786292,1112411.9700000007,5,279918.4930591583,0.24909485777963203
2024-12-24,1131342.4649343113,1127648.2100000004,2,112836.78389930725,0.09973707113155948
2024-12-26,1130818.3100000005,1130818.3100000005,0,0.0,0.0
2024-12-27,1130818.3100000005,1130818.3100000005,0,0.0,0.0
2024-12-30,1130818.3100000005,1130818.3100000005,0,0.0,0.0
2024-12-31,1130397.9083963018,1130818.3100000005,1,56533.29096221924,0.05001185028944644
2025-01-02,1134010.319856568,1130933.9200000006,5,282611.9431505203,0.24921461313179732
2025-01-03,1148980.9437960822,1130933.9200000006,10,568715.6674013138,0.49497397713346913
2025-01-06,1156515.4423971563,1143927.5400000005,5,286103.72425079346,0.24738426635944843
2025-01-07,1156209.2300000004,1156209.2300000004,0,0.0,0.0
2025-01-08,1156209.2300000004,1156209.2300000004,0,0.0,0.0
2025-01-10,1153551.4015440755,1156209.2300000004,5,288683.35910606384,0.2502561729972756
2025-01-13,1123221.0568547063,1156209.2300000004,9,513720.48822784424,0.4573636552598001
2025-01-14,1127331.4637481503,1139216.1800000004,14,790646.5633831024,0.701343472446304
2025-01-15,1177332.225300961,1144598.1800000004,16,918628.4071073532,0.780262688276051
2025-01-16,1196895.6135910419,1182449.3400000003,6,353018.9728460312,0.2949454980345943
2025-01-17,1198348.4300000004,1198348.4300000004,0,0.0,0.0
2025-01-21,1199445.888282471,1198348.4300000004,1,59895.989570617676,0.04993638325475846
2025-01-22,1198981.5810734562,1198348.4300000004,1,59895.989570617676,0.04995572118546842
2025-01-23,1199234.8400000003,1199234.8400000003,0,0.0,0.0
2025-01-24,1199234.8400000003,1199234.8400000003,0,0.0,0.0
2025-01-27,1198665.2183988956,1199234.8400000003,1,59960.0,0.05002230737961258
2025-01-28,1195383.4177377343,1199234.8400000003,5,298844.6888924388,0.24999902496389234
2025-01-29,1199202.43088814,1197436.0400000003,4,238884.68889243877,0.199202972525263
2025-01-30,1205002.3969143105,1204942.57,3,180885.31860017776,0.15011199899965078
2025-01-31,1201858.127797432,1204942.57,3,180885.31860017776,0.1505047180000144
2025-02-03,1188973.25,1188973.25,0,0.0,0.0
2025-02-04,1192532.8676133156,1188973.25,3,178521.9102950096,0.14969978198780864
2025-02-05,1190788.325457096,1188973.25,3,178521.9102950096,0.14991909685248397
2025-02-06,1195480.31,1195480.31,0,0.0,0.0
2025-02-07,1193812.0491929627,1195480.31,3,179110.5959892273,0.150032491387827
2025-02-10,1198646.8172402955,1195480.31,3,179110.5959892273,0.14942733206567269
2025-02-11,1195818.458461914,1196365.66,1,59670.0,0.049898878527722984
2025-02-12,1204537.1422826385,1196365.66,5,299534.91896915436,0.2486722147907582
2025-02-13,1211631.4045430755,1196113.66,7,421498.7996454239,0.34787708379379406
2025-02-14,1214942.2221464477,1212372.46,4,242431.02303078296,0.1995411951380521
2025-02-18,1219939.6788342285,1216902.78,1,60768.56069946289,0.049812758576336484
2025-02-19,1216666.9574940002,1216902.78,3,182305.42498974915,0.14984003951685207
2025-02-20,1203450.4558140456,1217636.22,3,182049.47474055405,0.15127292848745566
2025-02-21,1182070.519888011,1211048.32,7,417640.1615092553,0.3533123908282751
2025-02-24,1120948.3305276195,1198143.1600000001,21,1205131.7369108973,1.0751001666095115
2025-02-25,1072739.078920508,1153486.71,28,1550079.0727258294,1.4449730630543134
2025-02-26,1120264.5083941303,1104003.2999999998,29,1590178.3358415759,1.4194668526284517
2025-02-27,1135250.4548193112,1122634.23,18,1001402.8413838062,0.8820986039976453
2025-02-28,1112986.4741015658,1115543.1800000004,3,169010.11226478286,0.15185279982958697
2025-03-03,1110484.461362305,1115880.9400000004,1,55710.71984863281,0.050167941819094675
2025-03-04,1124134.2802897743,1108262.3800000004,4,222908.8210155964,0.19829376696717757
2025-03-05,1151838.3017874707,1108262.3800000004,6,337909.25547674333,0.29336518411686924
2025-03-06,1144015.2503985357,1149429.4300000004,3,172204.514143739,0.15052641482161086
2025-03-07,1140410.0586596946,1143989.4200000004,3,171296.88684537166,0.15020639772915903
2025-03-10,1124193.093838983,1140124.4600000004,5,283273.2878223943,0.25197921013288777
2025-03-11,1124625.7491726917,1129687.1400000006,3,169180.48065961478,0.15043269352855293
2025-03-12,1127322.6233218347,1127202.0700000005,1,56360.077734951454,0.0499946302584415
2025-03-13,1125815.6699746286,1127202.0700000005,1,56360.077734951454,0.05006155025024797
2025-03-14,1127687.1999042898,1126719.8400000005,2,112670.96014356613,0.09991330942936025
2025-03-17,1132113.3569234281,1126719.8400000005,2,112670.96014356613,0.09952268423875399
2025-03-18,1131647.0200000005,1131647.0200000005,0,0.0,0.0
2025-03-19,1131647.0200000005,1131647.0200000005,0,0.0,0.0
2025-03-20,1131647.0200000005,1131647.0200000005,0,0.0,0.0
2025-03-21,1131647.0200000005,1131647.0200000005,0,0.0,0.0
2025-03-24,1131647.0200000005,1131647.0200000005,0,0.0,0.0
2025-03-25,1131647.0200000005,1131647.0200000005,0,0.0,0.0
2025-03-26,1127075.3931193915,1131647.0200000005,3,169489.78941341542,0.1503801701715098
2025-03-27,1129178.2023861103,1131647.0200000005,4,225969.56265669104,0.2001186014565159
2025-03-28,1125720.898665523,1129227.1900000004,3,169096.46311410997,0.15021171172584968
2025-03-31,1130394.4632483933,1125665.8200000003,7,394954.4580675821,0.34939525175363023
2025-04-01,1119815.6530350146,1128729.3900000004,11,618339.4567316025,0.5521796869473373
2025-04-02,1133378.6102489058,1118911.9800000004,11,617186.7360922088,0.5445547767631382
2025-04-03,1107511.7502470212,1107635.2700000005,5,281185.047557354,0.2538889971096361
2025-04-04,1082727.4563913546,1095933.3700000006,3,163782.2153454777,0.15126818330750655
2025-04-07,1091782.675950134,1095933.3700000006,8,435273.5803823785,0.3986815233201769
2025-04-08,1100125.9509399675,1091530.5100000005,5,271491.36503690074,0.24678207509325056
2025-04-09,1123640.9381677941,1110815.4800000004,5,279036.6624047732,0.24833258821965815
2025-04-10,1124651.8174059228,1110815.4800000004,5,279036.6624047732,0.24810937757464177
2025-04-11,1130225.7400000007,1130225.7400000007,0,0.0,0.0
2025-04-14,1130225.7400000007,1130225.7400000007,0,0.0,0.0
2025-04-15,1130225.7400000007,1130225.7400000007,0,0.0,0.0
2025-04-16,1130225.7400000007,1130225.7400000007,0,0.0,0.0
2025-04-17,1130225.7400000007,1130225.7400000007,0,0.0,0.0
2025-04-21,1130225.7400000007,1130225.7400000007,0,0.0,0.0
2025-04-22,1130225.7400000007,1130225.7400000007,0,0.0,0.0
2025-04-23,1130121.2880306218,1130225.7400000007,1,56209.10284828514,0.04973723036952658
2025-04-24,1129915.1354012464,1130225.7400000007,2,112729.99337076515,0.09976854883949615
2025-04-25,1128916.3589550406,1130103.3900000006,1,56520.89052248001,0.05006649967832645
2025-04-28,1132407.419546682,1129007.6700000006,2,112977.50392421632,0.09976754123479935
2025-04-29,1130300.612527925,1129007.6700000006,2,112977.50392421632,0.0999535014597058
2025-04-30,1130170.5200000005,1130170.5200000005,0,0.0,0.0
2025-05-01,1130170.5200000005,1130170.5200000005,0,0.0,0.0
2025-05-02,1130170.5200000005,1130170.5200000005,0,0.0,0.0
2025-05-05,1130170.5200000005,1130170.5200000005,0,0.0,0.0
2025-05-06,1131246.5955812102,1130170.5200000005,3,169541.62623964067,0.1498715018475117
2025-05-07,1131794.3725401526,1130170.5200000005,3,169541.62623964067,0.14979896556574002
2025-05-08,1141400.0430410798,1139656.7100000007,1,56977.11327277892,0.04991861847225134
2025-05-09,1140719.716388553,1139656.7100000007,1,56977.11327277892,0.04994838999817141
2025-05-12,1142080.3700000006,1142080.3700000006,0,0.0,0.0
2025-05-13,1143433.174870606,1142080.3700000006,1,57068.397216796875,0.0499096916820302
2025-05-14,1143505.3700000006,1142080.3700000006,1,57068.397216796875,0.049906540637230976
2025-05-15,1143364.7700000005,1143364.7700000005,0,0.0,0.0
2025-05-16,1143364.7700000005,1143364.7700000005,0,0.0,0.0
2025-05-19,1143364.7700000005,1143364.7700000005,0,0.0,0.0
2025-05-20,1143364.7700000005,1143364.7700000005,0,0.0,0.0
2025-05-21,1141725.846591972,1143364.7700000005,1,57157.50758313828,0.050062375090966234
2025-05-22,1143586.226532156,1143364.7700000005,4,228691.25656064838,0.19997727434523094
2025-05-23,1146013.0425287236,1141392.9400000004,4,228779.7489775101,0.1996310168274337
2025-05-27,1147728.7062686163,1145195.0700000005,2,114392.57679748535,0.09966865529519371
2025-05-28,1143757.262584992,1145195.0700000005,2,114392.57679748535,0.10001473261813269
2025-05-29,1146421.0852289763,1145776.9900000005,1,57283.01889913702,0.04996682252027474
2025-05-30,1147713.4954042998,1145776.9900000005,2,114587.29700582648,0.0998396354705765
2025-06-02,1147312.4264237217,1146109.4300000004,3,171959.06574821472,0.14987989477654917
2025-06-03,1148704.4038088992,1146068.0700000003,3,172223.5865650177,0.14992855080380554
2025-06-04,1148671.4835505488,1152394.5000000002,2,115025.28999614716,0.10013767351532352
2025-06-05,1147005.0585258487,1149290.3000000003,3,172276.34057855606,0.15019667027447
2025-06-06,1166982.782417889,1147790.6200000003,5,289305.44618082047,0.24790892422714603
2025-06-09,1181745.661796761,1168710.7000000004,3,174485.59667491913,0.14765071903003738
2025-06-10,1183175.3909167487,1183756.6700000006,2,118240.82315063477,0.09993516097306532
2025-06-11,1184331.782295501,1183756.6700000006,5,295416.06978762936,0.24943691810334317
2025-06-12,1186819.6832684013,1184452.2300000004,4,236463.64545596432,0.1992414254579629
2025-06-13,1179469.7982324222,1183497.8600000003,3,177489.75914382935,0.15048266552464434
2025-06-16,1190552.1288429264,1184569.8500000003,5,296165.7385292053,0.2487633521910904
2025-06-17,1185203.4330717472,1186694.1400000004,3,177964.3782043457,0.15015513222325647
2025-06-18,1181757.8622638707,1184793.9500000004,4,237144.63808965683,0.2006710897910706
2025-06-20,1181903.579024048,1183012.2200000002,1,59141.679512023926,0.050039343785438
2025-06-23,1197495.9060921764,1183012.2200000002,4,238201.94126530678,0.19891670614777981
2025-06-24,1211846.7764828587,1195889.5000000002,6,360196.2623283485,0.29722921190890617
2025-06-25,1201604.4583844186,1210183.9000000001,3,181136.0005750656,0.15074511359470705
2025-06-26,1202588.0771825027,1205164.47,2,120402.53258705139,0.10011951296668253
2025-06-27,1197012.8393561554,1205164.47,2,120402.53258705139,0.10058583218857789
2025-06-30,1215458.741262703,1197898.78,3,180367.46615314484,0.14839456086001454
2025-07-01,1212305.814105301,1197898.78,3,180367.46615314484,0.14878050080643934
2025-07-02,1217315.0510516358,1216279.77,2,121535.75861358643,0.09983919816697572
2025-07-03,1215575.2117266846,1216279.77,2,121535.75861358643,0.09998209690451723
2025-07-07,1216091.73,1216091.73,0,0.0,0.0
2025-07-08,1214945.6422810364,1216091.73,1,60792.599049568176,0.05003729955805371
2025-07-09,1212020.8121704864,1216091.73,2,121457.74798679352,0.10021094255740298
2025-07-10,1216347.4840391541,1215693.09,3,182205.76722335815,0.1497974629900192
2025-07-11,1203821.492666855,1214439.3900000001,4,242710.07051467896,0.201616329325536
2025-07-14,1226496.6895726873,1220500.62,8,487263.10066103935,0.39728040426330247
2025-07-15,1228344.6314162444,1218643.42,6,366093.6484324932,0.2980382207641501
2025-07-16,1234948.9299999997,1234948.9299999997,0,0.0,0.0
2025-07-17,1234778.6901623532,1234948.9299999997,1,61733.280487060554,0.049995421024753545
2025-07-18,1234097.7308117673,1234948.9299999997,1,61733.280487060554,0.05002300785891042
2025-07-21,1233946.74089488,1234885.0899999996,1,61743.42928409577,0.050037353507914245
2025-07-22,1237887.8116107841,1234885.0899999996,1,61743.42928409577,0.049878049290874756
2025-07-23,1238638.4899999995,1238638.4899999995,0,0.0,0.0
2025-07-24,1238638.4899999995,1238638.4899999995,0,0.0,0.0
2025-07-25,1238638.4899999995,1238638.4899999995,0,0.0,0.0
2025-07-28,1235139.294695129,1238638.4899999995,2,123746.87577438354,0.10018859921781385
2025-07-29,1219847.6182386775,1238638.4899999995,4,246043.68674087524,0.20170034606136675
2025-07-30,1210632.1701373542,1227478.4499999995,15,912398.463511947,0.7536545666124413
2025-07-31,1220082.8840769005,1221439.5499999993,24,1459425.6033234398,1.1961692294598683
2025-08-01,1170659.0074763044,1188118.1199999994,23,1373271.5898946724,1.1730756617635039
2025-08-04,1252975.9770276914,1190842.5399999996,18,1078533.5743510732,0.8607775361420493
2025-08-05,1263967.7191190233,1254644.2799999998,6,374585.93523438537,0.2963572008749315
2025-08-06,1269485.5782448575,1269945.6799999997,1,63493.800877571106,0.05001537785514289
2025-08-07,1271970.1180693433,1269945.6799999997,1,63493.800877571106,0.049917682794266435
2025-08-08,1270362.9925332258,1271510.0199999998,1,63569.60838794708,0.05004050713188927
2025-08-11,1272082.5579428861,1271510.0199999998,2,127163.35838794708,0.09996470558765137
2025-08-12,1277362.557692108,1272536.3099999998,1,63593.75,0.04978519968120787
2025-08-13,1278373.18,1278373.18,0,0.0,0.0
2025-08-14,1278373.18,1278373.18,0,0.0,0.0
2025-08-15,1278373.18,1278373.18,0,0.0,0.0
2025-08-18,1282090.9179294256,1278373.18,3,191998.84296790548,0.1497544677080961
2025-08-19,1271917.5129929057,1278373.18,5,319286.5085426625,0.25102768479959076
2025-08-20,1278901.607327809,1273608.9,11,702295.2391052583,0.5491393826399699
2025-08-21,1275150.3961349723,1272500.19,12,765868.7850731041,0.6006105533860794
2025-08-22,1283631.7270724333,1273105.4500000002,9,574421.6676173175,0.4474972497971794
2025-08-25,1279361.8482322695,1275453.2500000002,6,383560.45607471466,0.29980607644716856
2025-08-26,1282284.6508300782,1281625.05,1,63734.700622558594,0.04970401897995143
2025-08-27,1282745.3493774415,1281625.05,1,63734.700622558594,0.049686167760024345
2025-08-28,1282158.6265068054,1282017.75,1,64100.402687072754,0.04999412815379324
2025-08-29,1280608.9446258545,1282017.75,1,64100.402687072754,0.050054626711826124
2025-09-02,1280749.83,1280749.83,0,0.0,0.0
2025-09-03,1279266.0258475114,1280749.83,3,192118.40519237518,0.15017861907580723
2025-09-04,1290739.0980740357,1280749.83,6,385521.9402399063,0.29868308848407804
2025-09-05,1288015.5119912722,1291420.2600000002,4,257861.3933391571,0.20020053402967433
2025-09-08,1287475.7298628236,1290844.6400000001,3,193146.51163101196,0.1500195360199847
2025-09-09,1292044.4375444795,1286801.6400000001,3,193280.10151290894,0.14959245664973897
2025-09-10,1298572.2928338244,1296556.2700000003,2,129551.486369133,0.09976455456816945
2025-09-11,1299130.1615150645,1299528.8200000003,2,129934.03637981415,0.10001618023268984
2025-09-12,1295326.5581255276,1299213.4800000002,3,194508.49597878166,0.15016174474200214
2025-09-15,1296491.9809999783,1296000.4800000002,3,194253.79969734856,0.14983031329474286
2025-09-16,1298565.9698575952,1294439.4500000002,4,259298.8473699594,0.19968091986762515
2025-09-17,1298465.2974775292,1294688.85,3,194579.5454671884,0.14985348152560524
2025-09-18,1297430.47,1297430.47,0,0.0,0.0
2025-09-19,1297430.47,1297430.47,0,0.0,0.0
2025-09-22,1297430.47,1297430.47,0,0.0,0.0
2025-09-23,1296751.8949340803,1297430.47,1,64857.30766327085,0.05001520176422633
2025-09-24,1300309.5840958578,1297430.47,4,259736.31518180075,0.19974959683343624
2025-09-25,1316813.8392534256,1295394.75,7,456315.90185141563,0.3465303053847963
2025-09-26,1317520.7079136728,1303431.2100000002,11,721223.3428971033,0.5474094931222588
2025-09-29,1317386.1038063501,1323072.5200000003,11,724296.3112732628,0.5497980502303303
2025-09-30,1308377.2886932183,1326013.78,7,460523.0047187805,0.35198028022845146
2025-10-01,1316375.7882009316,1314890.08,6,392957.56817626953,0.2985147339372733
2025-10-02,1329538.70381752,1309905.66,4,263434.1847114563,0.19813953813834426
2025-10-03,1332457.8223645021,1333745.1800000002,1,66489.75854492189,0.04990008496248912
2025-10-06,1334555.7400000002,1334555.7400000002,0,0.0,0.0
2025-10-07,1339105.2833692934,1334555.7400000002,2,133570.35537719727,0.09974596996669584
2025-10-08,1338961.5359899905,1334555.7400000002,2,133570.35537719727,0.09975667843097458
2025-10-09,1336783.2597140505,1337420.4200000002,1,66864.32057189941,0.05001881949524284
2025-10-10,1331201.5044903224,1337420.4200000002,3,200083.3875403175,0.15030285562734808
2025-10-13,1342253.7017604106,1338020.1,6,401598.5787501106,0.29919722197331294
2025-10-14,1350128.7232212068,1337116.6500000001,5,335588.99159908295,0.24856073782240362
2025-10-15,1369836.0609299089,1354981.8900000001,3,203414.94162464142,0.1484958291188172
2025-10-16,1365270.3771746827,1358045.57,2,136205.46180725098,0.09976445990802
2025-10-17,1356724.53,1361028.53,1,68003.20082092285,0.050123071645887356
2025-10-20,1353863.3195498276,1361028.53,7,473595.59280490875,0.34981049118191915
2025-10-21,1354800.0470726013,1357714.45,9,608613.5811805725,0.44922760557592306
2025-10-22,1315919.1712253974,1353806.24,9,600708.821197889,0.4564937074657122
2025-10-23,1349571.9358088165,1336473.0899999999,18,1203961.140213775,0.8921059398676848
2025-10-24,1408999.3538496806,1352321.0599999996,16,1089352.4796875971,0.773139091023185
2025-10-27,1415980.4180551525,1427736.0999999996,5,353815.7885260582,0.24987336266417
2025-10-28,1406667.5828133961,1404356.6399999997,6,421252.1365904808,0.299468148507381
2025-10-29,1403841.2367374226,1405182.4299999997,5,350515.31953954697,0.24968301996467715
2025-10-30,1400555.766424966,1404151.48,4,280068.7806631611,0.19996974585171978
2025-10-31,1415076.3840382816,1404151.48,7,490680.10173144797,0.3467516716879742
2025-11-03,1400696.447490635,1400069.6900000002,4,280830.0416083336,0.20049314904128163
2025-11-04,1395436.856206112,1393978.4300000002,3,209343.75065517426,0.1500202246516078
2025-11-05,1392734.3645098438,1386805.5500000003,11,762693.8384335291,0.5476233356975795
2025-11-06,1338454.566610216,1386566.6500000001,14,960118.862998153,0.7173339214865994
2025-11-07,1345213.6685657932,1338304.6700000002,8,537504.4854239225,0.3995681117312656
2025-11-10,1368690.7091698358,1349921.6800000002,4,269442.68404885335,0.19686163005539858
2025-11-11,1365980.5507773494,1367775.8700000003,1,68488.25330468219,0.050138527423181124
2025-11-12,1351472.7127604687,1366379.5100000002,5,339614.8935205831,0.2512924532726215
2025-11-13,1330208.5838751995,1366379.5100000002,6,406461.215358962,0.3055620150749954
2025-11-14,1337969.7729225846,1327050.33,7,465285.00134278106,0.3477544939796653
2025-11-17,1332729.3338874334,1316745.27,10,665604.1439143855,0.49942934922343696
2025-11-18,1314181.416016124,1326599.2000000002,9,595235.4046808977,0.4529324470934344
2025-11-19,1311226.1111333803,1314099.5100000002,14,919028.2124223374,0.7008922447616299
2025-11-20,1277487.910511318,1326054.7700000003,15,976618.2585603757,0.7644833665545074
2025-11-21,1299689.0450062745,1292589.9700000002,14,902091.1484787185,0.6940822898713926
2025-11-24,1325032.5235179265,1281221.05,9,582681.3636154812,0.43974872561503436
2025-11-25,1321915.3581451413,1320983.3999999997,1,66250.20154571533,0.05011682566323684
2025-11-26,1321793.7999999996,1321793.7999999996,0,0.0,0.0
2025-11-28,1321793.7999999996,1321793.7999999996,0,0.0,0.0
2025-12-01,1321793.7999999996,1321793.7999999996,0,0.0,0.0
2025-12-02,1321793.7999999996,1321793.7999999996,0,0.0,0.0
2025-12-03,1321793.7999999996,1321793.7999999996,0,0.0,0.0
2025-12-04,1325272.8288782116,1321793.7999999996,5,330501.482673645,0.24938373101137282
2025-12-05,1320391.0777361146,1321793.7999999996,6,396377.3166824106,0.300196906330223
2025-12-08,1328832.84391169,1323515.1199999996,2,132139.83664186037,0.09944052575708459
2025-12-09,1328794.9262921822,1325180.5099999995,3,198899.32024288957,0.14968398532186641
2025-12-10,1328253.643646003,1327063.0099999995,3,199076.37531090563,0.14987828285902455
2025-12-11,1329894.473477783,1328540.1899999997,3,199310.46034240723,0.14986938010291453
2025-12-12,1328544.9071313473,1328381.1599999997,2,132869.4026412964,0.10001122425601243
2025-12-15,1328008.7288866423,1328700.7899999998,4,265453.1333026886,0.19988809375163938
2025-12-16,1321169.3887281797,1328700.7899999998,4,265453.1333026886,0.20092286088934164
2025-12-17,1314518.5739875617,1322448.0699999996,4,264150.74127267656,0.20094865641295687
2025-12-18,1306236.7031119477,1322448.0699999996,13,853584.9175291117,0.6534687897649415
2025-12-19,1329752.6604929843,1316474.1099999994,12,788807.1025660208,0.593198363877372
2025-12-22,1352452.9145868677,1339188.0899999994,4,266713.7065243721,0.19720738788591752
2025-12-23,1352088.6064609904,1346462.6899999995,2,134913.34191560745,0.09978143538146876
2025-12-24,1354655.7398110193,1351980.5799999994,1,67572.56170082092,0.049881722503348054
2025-12-26,1354705.2799999993,1354705.2799999993,0,0.0,0.0
2025-12-29,1354060.4981305879,1354705.2799999993,2,135417.6183233261,0.10000854356971738
2025-12-30,1355134.0338738244,1354705.2799999993,4,270628.2992219925,0.19970592757409156
2025-12-31,1360972.4853216335,1351084.4999999993,9,610186.6100839443,0.44834602952295627
2026-01-02,1357031.6797218148,1364729.539999999,14,950755.2250528883,0.7006138760502545
2026-01-05,1352013.1458310906,1364729.539999999,22,1493070.2712126325,1.1043311788916321
2026-01-06,1378549.4418609608,1370585.2999999989,15,1021806.0019893646,0.7412182479360236
2026-01-07,1418429.0753781877,1367903.0099999986,9,621010.4376411438,0.43781564296795544
2026-01-08,1400425.6845639788,1400886.1099999987,2,141519.48181152344,0.10105461744339929
2026-01-09,1401360.2299999986,1401360.2299999986,0,0.0,0.0
2026-01-12,1401360.2299999986,1401360.2299999986,0,0.0,0.0
2026-01-13,1401360.2299999986,1401360.2299999986,1,70040.0,0.04998001120668315
2026-01-14,1400598.032200316,1401360.2299999986,1,70040.0,0.05000721005581333
2026-01-15,1400536.2299999986,1400536.2299999986,0,0.0,0.0
2026-01-16,1397832.7299999986,1400536.2299999986,1,70020.6489686966,0.050092294640072324
2026-01-20,1400798.245156618,1395507.7199999986,2,139626.2187970853,0.09967618054909415
2026-01-21,1405644.0101598224,1395507.7199999986,4,279904.17763268715,0.19912878055152947
2026-01-22,1411065.0490165695,1405437.3499999985,3,210715.65727615356,0.1493309308617701
2026-01-23,1408531.1593316635,1408742.8599999985,1,70437.69844055174,0.05000790928471462
2026-01-26,1410729.5804666122,1408925.3599999985,1,70425.74209976196,0.049921503791299233
2026-01-27,1411633.6075471481,1408925.3599999985,2,140886.67363357544,0.09980399508791793
2026-01-28,1410885.5097808822,1411463.4999999984,1,70460.93153381349,0.049940927910413116
2026-01-29,1415744.7820019515,1410644.9799999984,2,141151.51219177246,0.09970124134392035
2026-01-30,1418144.7450032027,1410644.9799999984,4,282753.7930469513,0.19938288672099738
2026-02-02,1409390.2301574885,1415103.0599999984,13,917380.9677824398,0.6509062913540485
2026-02-03,1473325.0171697692,1417939.2699999986,20,1437919.7349068741,0.9759691297912609
2026-02-04,1442247.2650959932,1476818.9999999986,10,734426.6337854407,0.5092238006334917
2026-02-05,1409008.7640135074,1417704.6599999988,3,213544.22748368385,0.15155635148457935
2026-02-06,1431980.9345019741,1416654.7699999989,5,355321.50277440704,0.24813284465828703
2026-02-09,1435112.2638716334,1424859.6399999987,3,214062.8610965506,0.14916105623615372
2026-02-10,1432515.3799999987,1432515.3799999987,0,0.0,0.0
2026-02-11,1432515.3799999987,1432515.3799999987,0,0.0,0.0
2026-02-12,1432515.3799999987,1432515.3799999987,0,0.0,0.0
2026-02-13,1432642.042899016,1432515.3799999987,1,71605.11613464355,0.04998116346617007
2026-02-17,1429416.7335145555,1435323.0099999986,2,143111.21629714966,0.100118609878924
2026-02-18,1441574.049113997,1435323.0099999986,3,215026.96787834167,0.1491612366430285
2026-02-19,1438027.161264952,1437281.0599999984,1,71915.75158119202,0.050010009211461454
2026-02-20,1441700.9485314926,1437239.6099999985,3,215593.07876586914,0.14954077611273744
2026-02-23,1438039.446673735,1437239.6099999985,4,287680.91946029663,0.20005078450783706
2026-02-24,1449828.3267219528,1441475.0499999984,2,144146.64263534546,0.09942324893131282
2026-02-25,1446870.808641356,1443538.1699999985,1,72058.80194091797,0.04980320392847154
2026-02-26,1445998.7089222893,1445484.3299999984,1,72255.8273383902,0.049969496440451774
2026-02-27,1443612.5637883171,1445484.3299999984,1,72255.8273383902,0.05005209094937287
2026-03-02,1445529.6053003669,1441812.2499999984,1,72078.11884838187,0.04986277595705468
2026-03-03,1441330.2663903818,1441812.2499999984,2,144132.222601354,0.09999944215583137
2026-03-04,1438092.9536677704,1441619.1399999983,17,1223292.9787402176,0.8506355417570761
2026-03-05,1403622.384430905,1439798.5599999982,19,1362129.0414557813,0.9704383861105584
2026-03-06,1369637.769480028,1380659.4099999985,18,1234485.6780298888,0.9013227479106037
2026-03-09,1424509.894164686,1361623.4199999985,27,1863168.6614554299,1.3079366237382068
2026-03-10,1456162.9652610272,1387701.6299999985,16,1130620.3525117221,0.7764380632418094
2026-03-11,1447681.0438049305,1444961.5499999989,5,363326.802274704,0.2509715823312672
2026-03-12,1447676.1865970793,1442307.469999999,3,216624.9662015438,0.149636340092562
2026-03-13,1447684.5357930842,1443835.769999999,5,362279.7423608303,0.2502477117104541
2026-03-16,1461734.1579349404,1452754.549999999,10,728084.4983081924,0.49809638391210004
2026-03-17,1467665.0636367912,1457230.6099999992,9,656753.6147521469,0.44748194327440655
2026-03-18,1462885.015389541,1464181.1899999995,3,219709.41038163775,0.15018911812637095
2026-03-19,1476171.776009521,1458182.2099999995,2,146534.0366821289,0.09926625008252685
2026-03-20,1468973.1244697184,1469126.2099999995,2,147019.67931747437,0.10008330095933286
2026-03-23,1477883.6371142117,1472710.3699999994,4,294906.52905220777,0.19954651479060745
2026-03-24,1469653.5658639446,1471569.7999999993,3,221314.96829552442,0.15058988964206887
2026-03-25,1474073.788382911,1471413.6499999992,4,294621.9026403427,0.1998691686686519
2026-03-26,1470609.6503707005,1471413.6499999992,5,368124.6261055865,0.25032110051283313
2026-03-27,1497396.9934138563,1472079.4699999993,4,297772.8182523646,0.19886030195204552
2026-03-30,1475295.5289380066,1496064.9499999993,6,446246.8255534172,0.30247961632111
2026-03-31,1502302.0810750723,1491182.6199999994,6,446808.9807889407,0.29741620305098476
2026-04-01,1503163.121806121,1501611.7199999993,3,224832.2500226443,0.14957275545218127
2026-04-02,1500502.8183962705,1502604.8099999994,5,375468.93818652304,0.2502287457132685
2026-04-06,1498868.4631000399,1495692.0699999991,1,74754.50225518396,0.04987395765240981
2026-04-07,1498549.1412158846,1495692.0699999991,1,74754.50225518396,0.04988458516250596
2026-04-08,1491591.3299999991,1491591.3299999991,0,0.0,0.0
2026-04-09,1491591.3299999991,1491591.3299999991,0,0.0,0.0
2026-04-10,1491591.3299999991,1491591.3299999991,0,0.0,0.0
2026-04-13,1496056.0798855582,1491591.3299999991,3,224110.1789894104,0.14980065386757016
2026-04-14,1483881.7036381522,1491591.3299999991,3,224110.1789894104,0.15102968008833956
2026-04-15,1481228.5861975087,1482536.889999999,1,74124.54209136963,0.05004260840094655
2026-04-16,1484684.4265524282,1482536.889999999,2,148293.50632476807,0.09988217271809002
2026-04-17,1481217.6436499013,1480917.089999999,1,74168.96423339844,0.050072968379337585
2026-04-20,1481980.609999999,1481980.609999999,0,0.0,0.0
2026-04-21,1481980.609999999,1481980.609999999,0,0.0,0.0
2026-04-22,1480931.4148548688,1481980.609999999,2,148050.07281684875,0.09997091785061339
2026-04-23,1478874.1874114121,1481980.609999999,3,221934.60134506226,0.15006996757008217
2026-04-24,1477205.291473216,1478731.319999999,2,147962.2088947296,0.10016360606667404
2026-04-27,1499439.7316381824,1481046.2399999988,4,297804.81073760986,0.19861072402840044
2026-04-28,1499427.6974573506,1479605.0399999989,6,448767.332447052,0.2992924121703552
2026-04-29,1499635.5697624388,1501824.719999999,11,825069.3319802284,0.5501798894453602
2026-04-30,1574585.7775761937,1508174.809999999,20,1529498.1407826652,0.9713653981665368
2026-05-01,1575436.2742556522,1532401.4699999988,12,929469.010878395,0.589975631554848
2026-05-04,1583538.6885717758,1577361.0899999985,1,78848.63800048828,0.04979268177628385
2026-05-05,1589117.2548559555,1577361.0899999985,1,78848.63800048828,0.04961788550186969
2026-05-06,1588181.2499999984,1588181.2499999984,0,0.0,0.0
2026-05-07,1588181.2499999984,1588181.2499999984,0,0.0,0.0
2026-05-08,1588181.2499999984,1588181.2499999984,0,0.0,0.0
2026-05-11,1589017.1158456786,1588181.2499999984,1,79406.69734287262,0.04997221021160127
2026-05-12,1595334.242507933,1588181.2499999984,3,238877.87574100494,0.14973531525624298
2026-05-13,1590726.9402853376,1594310.8899999983,2,159471.17839813232,0.10025050457090208
2026-05-14,1592957.8126962264,1590484.0099999984,1,79515.0,0.04991657617436435
2026-05-15,1590714.1133859237,1590484.0099999984,2,159007.97907829285,0.09996012340635836
2026-05-18,1567208.8019468673,1589494.4899999984,6,474337.86530303955,0.3026641151541471
2026-05-19,1566779.0416321547,1583937.2299999984,22,1722968.9052639008,1.0996885071101277
